/services/,services
/doctors/,doctors
/locations/,locations
/error/,error
/blog/,blog
/contact-us/,contact-us
/ecards/,ecards
/classes-events/,classes-events
/photo-gallery/,photo-gallery
/patient-stories/,patient-stories
/video-center/,video-center
/site-map/,site-map
/site-search/,site-search
/privacy-policy/,privacy-policy
/gift-shop/,gift-shop
/doctors/search-results/,search-results
/error/404/,404
/error/500/,500
/blog/categories/,categories
/blog/tags/,tags
/contact-us/thank-you/,thank-you
/ecards/create-card/,create-card
/ecards/thank-you/,thank-you
/classes-events/my-profile/,my-profile
/classes-events/event-details/,event-details
/classes-events/create-account/,create-account
/classes-events/log-in/,log-in
/classes-events/event-signup/,event-signup
/patient-stories/categories/,categories
/patient-stories/submit-your-story/,submit-your-story
/gift-shop/flowers/,flowers
/gift-shop/candy/,candy
/gift-shop/stuffed-animals/,stuffed-animals
/gift-shop/balloons/,balloons
/gift-shop/view-cart/,view-cart
/gift-shop/detail/,detail
/gift-shop/checkout/,checkout
/gift-shop/confirm/,confirm
/gift-shop/thank-you/,thank-you
/gift-shop/log-in/,log-in
/gift-shop/create-account/,create-account
/gift-shop/my-account/,my-account
/classes-events/my-profile/edit-my-profile/,edit-my-profile
/classes-events/my-profile/my-events/,my-events
/classes-events/log-in/forgot-password/,forgot-password
/classes-events/log-in/reset-password/,reset-password
/classes-events/event-signup/thank-you/,thank-you
/patient-stories/submit-your-story/thank-you/,thank-you
/gift-shop/log-in/forgot-password/,forgot-password
/gift-shop/log-in/reset-password/,reset-password
/gift-shop/my-account/my-orders/,my-orders
/gift-shop/my-account/edit-my-account/,edit-my-account
/gift-shop/my-account/my-orders/view-order/,view-order
/services/adult-day-services/,adult-day-services
/services/allergy-asthma-care/,allergy-asthma-care
/services/anesthesiology/,anesthesiology
/services/audiology/,audiology
/services/bariatrics-weight-control/,bariatrics-weight-control
/services/behavioral-health-services/,behavioral-health-services
/services/birthing-services/,birthing-services
/services/cancer-care/,cancer-care
/services/infusion/,infusion
/services/cardiology/,cardiology
/services/dermatology/,dermatology
/services/diabetes-care/,diabetes-care
/services/dialysis/,dialysis
/services/emergency-services/,emergency-services
/services/stroke/,stroke
/services/family-medicine/,family-medicine
/services/gastroenterology/,gastroenterology
/services/hand-surgery/,hand-surgery
/services/home-care/,home-care
/services/hospice/,hospice
/services/hospitalist/,hospitalist
/services/imaging/,imaging
/services/infectious-disease/,infectious-disease
/services/internal-medicine/,internal-medicine
/services/laboratory/,laboratory
/services/nephrology/,nephrology
/services/neurology/,neurology
/services/neurosurgery/,neurosurgery
/services/nursing-home/,nursing-home
/services/obstetrics-gynecology/,obstetrics-gynecology
/services/occupational-medicine/,occupational-medicine
/services/eye-care/,eye-care
/services/orthopedics-surgery/,orthopedics-surgery
/services/ostomy-services/,ostomy-services
/services/otolaryngology-ent-/,otolaryngology-ent-
/services/pain-management/,pain-management
/services/pediatrics/,pediatrics
/services/plastic-surgery/,plastic-surgery
/services/podiatry/,podiatry
/services/pregnancy-care/,pregnancy-care
/services/pulmonology/,pulmonology
/services/rehabilitation-services/,rehabilitation-services
/services/respiratory-therapy/,respiratory-therapy
/services/rheumatology/,rheumatology
/services/short-term-rehabilitation/,short-term-rehabilitation
/services/skilled-swing-bed/,skilled-swing-bed
/services/sleep-medicine/,sleep-medicine
/services/surgery/,surgery
/services/urgent-care/,urgent-care
/services/urology/,urology
/services/vascular-surgery/,vascular-surgery
/services/wound-care/,wound-care
/find-a-doctor/,find-a-doctor
/find-services/,find-services
/patient-resources/,patient-resources
/footer/,footer
/footer/about-carris-health/,about-carris-health
/about-us/,about-us
/locations/carris-health-willmar-main-clinic/,carris-health-willmar-main-clinic
/services/behavioral-health-services/psychiatry/,psychiatry
/services/behavioral-health-services/psychology/,psychology
/services/behavioral-health-services/counseling-services/,counseling-services
/services/cancer-care/care-coordinators/,care-coordinators
/services/cancer-care/infusion/,infusion
/services/cancer-care/diagnosis-imaging/,diagnosis-imaging
/services/imaging/mammography/,mammography
/services/rehabilitation-services/cardiac-pulmonary-rehab/,cardiac-pulmonary-rehab
/services/rehabilitation-services/occupational-hand-therapy/,occupational-hand-therapy
/services/rehabilitation-services/occupational-therapy/,occupational-therapy
/services/rehabilitation-services/physical-therapy/,physical-therapy
/services/rehabilitation-services/speech-therapy/,speech-therapy
/services/rehabilitation-services/short-term-rehabilitation/,short-term-rehabilitation
/foundation/,foundation
/foundation/donations/,donations
/wait-times/,wait-times
/wait-times/carris-health-litchfield-east-clinic/,carris-health-litchfield-east-clinic
/wait-times/carris-health-willmar-clinic/,carris-health-willmar-clinic
/locations/carris-health-litchfield-east-clinic/,carris-health-litchfield-east-clinic
/locations/carris-health-willmar-skylark-clinic/,carris-health-willmar-skylark-clinic
/services/dental-clinic/,dental-clinic
/style-guide/,style-guide
/blog/2019/,2019
/blog/2019/february/,february
/mychart/,mychart
/footer/locations/,locations
/footer/pricing-financial-assistance/,pricing-financial-assistance
/footer/pay-your-bill-online/,pay-your-bill-online
/footer/contact-us/,contact-us
/footer/learn-about-centracare/,learn-about-centracare
/footer/foundation/,foundation
/footer/make-a-donation/,make-a-donation
/footer/news/,news
/footer/classes-events/,classes-events
/footer/careers/,careers
/footer/for-professionals/,for-professionals
/footer/volunteer/,volunteer
/footer/notice-of-privacy-notice/,notice-of-privacy-notice
/footer/nondiscrimination-notice/,nondiscrimination-notice
/about-us/our-mission-values/,our-mission-values
/about-us/careers/,careers
/about-us/accreditation-affiliations/,accreditation-affiliations
/about-us/notice-of-privacy-policy/,notice-of-privacy-policy
/about-us/board-of-directors/,board-of-directors
/foundation/giving-opportunities/,giving-opportunities
/patient-resources/pricing-financial-assistance/,pricing-financial-assistance
/patient-resources/insurance-billing/,insurance-billing
/patient-resources/insurance-billing/health-insurance/,health-insurance
/patient-resources/insurance-billing/documents-resources/,documents-resources
/patient-resources/insurance-billing/bill-pay/,bill-pay
/patient-resources/medical-records/,medical-records
/patient-resources/visitor-information/,visitor-information
/patient-resources/visitor-information/redwood-hospital/,redwood-hospital
/patient-resources/visitor-information/rice-hospital/,rice-hospital
/patient-resources/interpreter-services/,interpreter-services
/patient-resources/advanced-directives/,advanced-directives
/professionals/,professionals
/volunteers/,volunteers
/blog/categories/dermatology/,dermatology
/locations/carris-health-new-london-clinic/,carris-health-new-london-clinic
/locations/carris-health-litchfield-west-clinic/,carris-health-litchfield-west-clinic
/locations/carris-health-redwood-clinic/,carris-health-redwood-clinic
/locations/carris-health-sleep-center/,carris-health-sleep-center
/locations/carris-health-surgery-center/,carris-health-surgery-center
/locations/carris-health-rice-memorial-hospital/,carris-health-rice-memorial-hospital
/locations/carris-health-dental-clinic/,carris-health-dental-clinic
/locations/carris-health-rehabilitation-center/,carris-health-rehabilitation-center
/locations/carris-health-care-center-therapy-suites/,carris-health-care-center-therapy-suites
/locations/carris-health-cancer-center/,carris-health-cancer-center
/locations/carris-health-redwood-hospital/,carris-health-redwood-hospital
/locations/carris-health-redwood-pavilion/,carris-health-redwood-pavilion
/locations/carris-health-redwood-seasons-house/,carris-health-redwood-seasons-house
/doctors/cindy-firkins-smith-md/,cindy-firkins-smith-md
/doctors/harley-a-pakola-phd-md/,harley-a-pakola-phd-md
/doctors/scott-m-abrams-md/,scott-m-abrams-md
/blog/2014/,2014
/blog/2014/may/,may
/blog/2014/may/recover-closer-to-home/,recover-closer-to-home
/blog/categories/swing-bed/,swing-bed
/blog/2018/,2018
/blog/2018/january/,january
/blog/2018/january/5-personal-development-books-recommended-by-teri/,5-personal-development-books-recommended-by-teri
/blog/categories/wellness/,wellness
/blog/2017/,2017
/blog/2017/november/,november
/blog/2017/november/5-ways-to-boost-immunity-during-cold-and-flu-sea/,5-ways-to-boost-immunity-during-cold-and-flu-season
/doctors/barb-k-ahrenholz-rn-cde/,barb-k-ahrenholz-rn-cde
/blog/2018/february/,february
/blog/2018/february/5-ways-to-be-sweet-to-your-heart/,5-ways-to-be-sweet-to-your-heart
/doctors/tabrez-ameer-md/,tabrez-ameer-md
/blog/2012/,2012
/blog/2012/january/,january
/blog/2012/january/adult-book-reference-grief-bereavement/,adult-book-reference-grief-bereavement
/doctors/stan-a-antkowiak-do/,stan-a-antkowiak-do
/blog/2015/,2015
/blog/2015/january/,january
/blog/2015/january/are-you-a-candidate-for-joint-replacement-/,are-you-a-candidate-for-joint-replacement-
/doctors/fran-a-antkowiak-rn-cnp/,fran-a-antkowiak-rn-cnp
/doctors/eddie-f-arndorfer-pta/,eddie-f-arndorfer-pta
/blog/2018/june/,june
/blog/2018/june/be-safe-around-water/,be-safe-around-water
/doctors/emily-l-bakker-cde-rd-ld-csowm/,emily-l-bakker-cde-rd-ld-csowm
/doctors/gene-a-beavers-pa-c/,gene-a-beavers-pa-c
/blog/2018/march/,march
/blog/2018/march/better-home-better-you/,better-home-better-you
/doctors/janae-m-bell-md/,janae-m-bell-md
/doctors/steven-r-bell-md-facs/,steven-r-bell-md-facs
/blog/2014/march/,march
/blog/2014/march/bridging-the-gap-between-crisis-and-home/,bridging-the-gap-between-crisis-and-home
/doctors/bridey-l-boese-rn-cnp/,bridey-l-boese-rn-cnp
/doctors/kendall-s-bos-md/,kendall-s-bos-md
/doctors/robert-w-boyd-ii-do/,robert-w-boyd-ii-do
/doctors/marley-r-braun-fnp-c-dnp/,marley-r-braun-fnp-c-dnp
/doctors/pamela-l-brett-do/,pamela-l-brett-do
/blog/2012/january/coping-with-the-holidays/,coping-with-the-holidays
/doctors/lucy-r-brink-cde-cnp-aprn/,lucy-r-brink-cde-cnp-aprn
/blog/2013/,2013
/blog/2013/october/,october
/blog/2013/october/c-section-know-the-facts/,c-section-know-the-facts
/blog/2012/january/diabetes-care-at-school/,diabetes-care-at-school
/blog/2012/january/getting-the-most-out-of-the-holidays/,getting-the-most-out-of-the-holidays
/doctors/tory-l-brouwer-dpt/,tory-l-brouwer-dpt
/blog/2012/january/grief-and-bereavement-children-s-books/,grief-and-bereavement-children-s-books
/blog/2012/january/halo-sleepsack-for-newborn-babies/,halo-sleepsack-for-newborn-babies
/doctors/amanda-j-buckingham-dpt/,amanda-j-buckingham-dpt
/doctors/amy-j-buffington-rn-cnp/,amy-j-buffington-rn-cnp
/doctors/cassandra-j-bulau-md/,cassandra-j-bulau-md
/blog/2017/december/,december
/blog/2017/december/healthy-holiday-eating/,healthy-holiday-eating
/doctors/dexter-r-casta-md/,dexter-r-casta-md
/doctors/angela-j-cherveny-pa-c-mspas/,angela-j-cherveny-pa-c-mspas
/doctors/eric-j-christensen-aud/,eric-j-christensen-aud
/doctors/michelle-r-cilek-md/,michelle-r-cilek-md
/doctors/irma-cockerill-md/,irma-cockerill-md
/blog/2013/august/,august
/blog/2013/august/how-do-you-know-if-your-baby-is-getting-enough-m/,how-do-you-know-if-your-baby-is-getting-enough-milk-
/blog/2015/july/,july
/blog/2015/july/it-s-time-to-talk-discussing-your-healthcare-wis/,it-s-time-to-talk-discussing-your-healthcare-wishes
/blog/2018/october/,october
/blog/2018/october/katie-borgen-receives-certification-as-orthopaed/,katie-borgen-receives-certification-as-orthopaedic-specialist
/doctors/kevin-j-cockerill-md/,kevin-j-cockerill-md
/blog/2012/january/keeping-a-personal-journal/,keeping-a-personal-journal
/doctors/anjali-dahiya-md/,anjali-dahiya-md
/doctors/david-l-danielson-md/,david-l-danielson-md
/blog/categories/at-home/,at-home
/blog/categories/birthing-center/,birthing-center
/blog/categories/cardiac-rehab/,cardiac-rehab
/blog/categories/diabetes/,diabetes
/blog/categories/environmental/,environmental
/blog/categories/family/,family
/blog/categories/fitness/,fitness
/blog/categories/grief/,grief
/blog/categories/health-library/,health-library
/blog/categories/home-care/,home-care
/blog/categories/hospice/,hospice
/blog/categories/physical-therapy/,physical-therapy
/blog/categories/rehab-therapies/,rehab-therapies
/blog/categories/service-enhancement/,service-enhancement
/doctors/ryan-r-davis-do/,ryan-r-davis-do
/blog/2018/february/local-voices-financial-tips-for-tax-season/,local-voices-financial-tips-for-tax-season
/doctors/krystle-l-dillon-rn-fnp-c-msn/,krystle-l-dillon-rn-fnp-c-msn
/blog/2017/january/,january
/blog/2017/january/lung-cancer-screening-now-available-at-redwood-a/,lung-cancer-screening-now-available-at-redwood-area-hospital
/blog/categories/radiology/,radiology
/doctors/ina-drown-md/,ina-drown-md
/blog/2018/february/magan-simon-earns-credential-as-an-expert-in-upp/,magan-simon-earns-credential-as-an-expert-in-upper-limb-rehabilitation
/doctors/shannon-l-elton-rn-cnp/,shannon-l-elton-rn-cnp
/blog/2012/january/meaningful-ways-to-remember-loved-ones-during-th/,meaningful-ways-to-remember-loved-ones-during-the-holidays
/doctors/jeffery-j-a-enstad-rn-cnp/,jeffery-j-a-enstad-rn-cnp
/blog/2017/april/,april
/blog/2017/april/meditation-resources-to-reduce-stress/,meditation-resources-to-reduce-stress
/doctors/robert-d-farber-md/,robert-d-farber-md
/blog/2018/october/take-a-break-from-sitting/,take-a-break-from-sitting
/doctors/mary-j-felt-rn-cnp/,mary-j-felt-rn-cnp
/doctors/christina-b-ferdinand-pt/,christina-b-ferdinand-pt
/doctors/jennifer-l-flinn-psyd/,jennifer-l-flinn-psyd
/blog/2018/october/tips-and-tricks-for-a-healthy-halloween/,tips-and-tricks-for-a-healthy-halloween
/doctors/joshua-d-friese-md/,joshua-d-friese-md
/blog/2012/march/,march
/blog/2012/march/understanding-alzheimer-s-disease/,understanding-alzheimer-s-disease
/doctors/daniel-s-fuglestad-md/,daniel-s-fuglestad-md
/blog/2018/june/understanding-chronic-pain-and-ways-to-find-reli/,understanding-chronic-pain-and-ways-to-find-relief
/doctors/sheila-k-gemar-md/,sheila-k-gemar-md
/blog/2012/january/understanding-grief/,understanding-grief
/blog/2012/october/,october
/blog/2012/october/nourishing-a-mission-carris-health-redwood-found/,nourishing-a-mission-carris-health-redwood-foundation
/doctors/anna-l-gessell-rd/,anna-l-gessell-rd
/doctors/cynthia-k-gronau-md/,cynthia-k-gronau-md
/doctors/brennen-w-gulden-otr-l/,brennen-w-gulden-otr-l
/doctors/janell-r-haiwick-md/,janell-r-haiwick-md
/doctors/julie-l-hanson-md/,julie-l-hanson-md
/doctors/eric-n-haugen-md/,eric-n-haugen-md
/doctors/emily-a-hayden-do/,emily-a-hayden-do
/doctors/ryan-c-hebrink-dpt/,ryan-c-hebrink-dpt
/doctors/michelle-heiling-fnp-c-dnp/,michelle-heiling-fnp-c-dnp
/doctors/chris-r-heminover-atc-atr/,chris-r-heminover-atc-atr
/doctors/krista-m-hemmesch-md/,krista-m-hemmesch-md
/doctors/eric-m-hernandez-phd-md/,eric-m-hernandez-phd-md
/blog/2018/april/,april
/blog/2018/april/low-fat-chicken-salad/,low-fat-chicken-salad
/blog/categories/recipes-food/,recipes-food
/doctors/cheryl-d-huls-rn-cnp/,cheryl-d-huls-rn-cnp
/doctors/frederick-w-hund-md-facp/,frederick-w-hund-md-facp
/doctors/robin-a-javaherian-md/,robin-a-javaherian-md
/blog/2016/,2016
/blog/2016/may/,may
/blog/categories/emergency-care/,emergency-care
/blog/categories/testimonials/,testimonials
/blog/categories/stroke/,stroke
/blog/2018/july/,july
/blog/2018/july/asian-lettuce-wraps/,asian-lettuce-wraps
/blog/2018/october/oven-roasted-root-vegetables/,oven-roasted-root-vegetables
/doctors/margaret-peggy-a-johnson-md/,margaret-peggy-a-johnson-md
/blog/2018/october/roasted-butternut-squash-soup/,roasted-butternut-squash-soup
/blog/2018/july/roasted-honey-cinnamon-peaches/,roasted-honey-cinnamon-peaches
/doctors/mark-r-johnston-dpm/,mark-r-johnston-dpm
/blog/2018/march/tuscan-garlic-chicken/,tuscan-garlic-chicken
/blog/2018/march/berry-crisp/,berry-crisp
/doctors/ann-l-jones-lp/,ann-l-jones-lp
/blog/2018/june/chicken-asparagus-tenderloins/,chicken-asparagus-tenderloins
/doctors/richard-a-kacher-md/,richard-a-kacher-md
/blog/2018/june/instant-pot-mongolian-beef/,instant-pot-mongolian-beef
/doctors/jennifer-g-kingery-cde-cnp-aprn/,jennifer-g-kingery-cde-cnp-aprn
/blog/2018/april/cauliflower-chicken-fried-rice/,cauliflower-chicken-fried-rice
/blog/2018/march/fish-tacos-with-chipotle-lime-cilantro-slaw/,fish-tacos-with-chipotle-lime-cilantro-slaw
/doctors/julie-k-kircher-rn-cnp/,julie-k-kircher-rn-cnp
/blog/2018/august/,august
/blog/2018/august/detox-salad/,detox-salad
/blog/2018/april/light-easy-pasta-primavera/,light-easy-pasta-primavera
/blog/2018/july/cloud-bread/,cloud-bread
/blog/2018/july/mediterranean-lentil-salad/,mediterranean-lentil-salad
/doctors/tami-l-kobienia-pt-ma/,tami-l-kobienia-pt-ma
/doctors/catherine-anderson-np/,catherine-anderson-np
/doctors/jan-arnold-mpt/,jan-arnold-mpt
/doctors/steven-j-kuchta-phd-lp/,steven-j-kuchta-phd-lp
/doctors/brooke-baeth-ms-ccc-slp/,brooke-baeth-ms-ccc-slp
/doctors/thomas-h-lange-md/,thomas-h-lange-md
/doctors/shannon-l-larson-rn-cnp/,shannon-l-larson-rn-cnp
/doctors/michael-y-lee-md/,michael-y-lee-md
/doctors/jennifer-m-lee-pentz-md/,jennifer-m-lee-pentz-md
/doctors/jessica-bergman-ms-sss-slp/,jessica-bergman-ms-sss-slp
/doctors/gregory-m-macik-od/,gregory-m-macik-od
/doctors/cheryl-bevis-ms-ccc-slp/,cheryl-bevis-ms-ccc-slp
/doctors/carrie-boike-mot-otr-l/,carrie-boike-mot-otr-l
/doctors/kerriann-e-mahon-md-faap/,kerriann-e-mahon-md-faap
/doctors/lisa-d-bojado-np/,lisa-d-bojado-np
/doctors/terri-j-malecek-cde-fnp-c-aprn/,terri-j-malecek-cde-fnp-c-aprn
/doctors/janet-l-marti-rn-cnp/,janet-l-marti-rn-cnp
/doctors/michael-a-may-md/,michael-a-may-md
/doctors/brianna-cooper-dpt/,brianna-cooper-dpt
/doctors/gregory-b-mccallum-md/,gregory-b-mccallum-md
/blog/2019/february/carris-health-cancer-care-center-first-in-mn-to-/,carris-health-cancer-care-center-first-in-mn-to-offer-state-of-the-art-breast-conservation-radiation-therapy
/blog/categories/cancer/,cancer
/doctors/roxie-covert-rnc-bsn-chfn/,roxie-covert-rnc-bsn-chfn
/doctors/emily-c-mcdevitt-do/,emily-c-mcdevitt-do
/doctors/courtney-erickson-ms-cf-slp/,courtney-erickson-ms-cf-slp
/doctors/raymond-j-mellema-md/,raymond-j-mellema-md
/blog/2015/june/,june
/blog/2015/june/behind-the-scenes-the-role-of-medical-physicist-/,behind-the-scenes-the-role-of-medical-physicist-joe-schmidt-at-carris-health-care-center
/doctors/kenneth-m-flowe-md-mba-cpe/,kenneth-m-flowe-md-mba-cpe
/doctors/jonathan-w-mellema-md/,jonathan-w-mellema-md
/blog/2015/june/marking-a-milestone-ringing-the-cancer-bell/,marking-a-milestone-ringing-the-cancer-bell
/doctors/julie-m-meyer-md/,julie-m-meyer-md
/doctors/brittany-h-frank-np/,brittany-h-frank-np
/blog/2015/december/,december
/blog/2015/december/carris-health-cancer-center-receives-press-ganey/,carris-health-cancer-center-receives-press-ganey-2015-guardian-of-excellence-award
/doctors/amy-k-miller-psyd-lp/,amy-k-miller-psyd-lp
/doctors/lucio-r-minces-md/,lucio-r-minces-md
/blog/2014/december/,december
/blog/2014/december/volunteer-darlene-bratberg-brings-joy-and-laught/,volunteer-darlene-bratberg-brings-joy-and-laughter-to-carris-health-cancer-center
/blog/2014/august/,august
/blog/2014/august/local-triathlon-club-tri4evr-working-together-to/,local-triathlon-club-tri4evr-working-together-to-raise-cancer-awareness
/doctors/jenell-r-mitteness-rn-cnp-msn/,jenell-r-mitteness-rn-cnp-msn
/blog/2014/february/,february
/blog/2014/february/an-important-piece-of-the-cancer-team-the-medica/,an-important-piece-of-the-cancer-team-the-medical-dosimetrist
/doctors/carol-hauge-rn/,carol-hauge-rn
/blog/2013/june/,june
/blog/2013/june/genetics-breast-cancer-and-ovarian-cancer-should/,genetics-breast-cancer-and-ovarian-cancer-should-i-be-tested-for-a-gene-mutation-
/blog/2017/february/,february
/blog/2017/february/a-legacy-of-providing-cancer-care-for-our-region/,a-legacy-of-providing-cancer-care-for-our-region
/blog/2016/december/,december
/blog/2016/december/carris-health-cancer-center-earns-national-accre/,carris-health-cancer-center-earns-national-accreditation-from-the-commission-on-cancer-of-the-american-college-of-surgeons
/blog/2016/september/,september
/blog/2016/september/life-love-and-heroes/,life-love-and-heroes
/blog/2015/january/the-important-role-of-pathology-at-carris-health/,the-important-role-of-pathology-at-carris-health-cancer-center
/blog/2014/january/,january
/blog/2014/january/carris-health-cancer-center-receives-press-ganey/,carris-health-cancer-center-receives-press-ganey-guardian-of-excellence-award
/blog/2016/august/,august
/doctors/kari-l-mobley-aud/,kari-l-mobley-aud
/doctors/abby-heiderscheit-otr-l-ms/,abby-heiderscheit-otr-l-ms
/doctors/nikki-hjelden-dpt/,nikki-hjelden-dpt
/doctors/joanne-monterroso-md/,joanne-monterroso-md
/doctors/elizabeth-hoff-dpt/,elizabeth-hoff-dpt
/doctors/adam-k-mooberry-dpt/,adam-k-mooberry-dpt
/doctors/jill-hovland-dpt/,jill-hovland-dpt
/doctors/kendra-c-mooberry-dpt/,kendra-c-mooberry-dpt
/doctors/anne-hultgren-mpt/,anne-hultgren-mpt
/doctors/holly-m-morales-pa-c-mspas/,holly-m-morales-pa-c-mspas
/doctors/jenny-iverson-dpt/,jenny-iverson-dpt
/doctors/sarah-e-myers-fnp-c-dnp/,sarah-e-myers-fnp-c-dnp
/doctors/merlin-v-nelson-md/,merlin-v-nelson-md
/doctors/linda-jackson-dds/,linda-jackson-dds
/blog/2013/october/carris-health-cancer-center-welcomes-new-oncolog/,carris-health-cancer-center-welcomes-new-oncologist-hematologist
/blog/categories/adult-day-services/,adult-day-services
/blog/categories/orthopedics/,orthopedics
/blog/categories/pain-management/,pain-management
/doctors/alan-johnson-licsw-lmft/,alan-johnson-licsw-lmft
/blog/2017/july/,july
/blog/2017/july/carris-health-cancer-center-welcomes-hematologis/,carris-health-cancer-center-welcomes-hematologist-oncologist-jose-ignacio-ruades-ninfea-m-d-
/doctors/rose-nepsund-pa-c/,rose-nepsund-pa-c
/blog/2016/july/,july
/blog/2016/july/carris-health-rice-memorial-hospital-rehabilitat/,carris-health-rice-memorial-hospital-rehabilitation-center-moves-into-its-new-facility
/blog/2017/may/,may
/blog/2017/may/carris-health-rice-memorial-hospital-break-groun/,carris-health-rice-memorial-hospital-break-ground-on-new-willmar-surgery-center
/blog/2019/january/,january
/blog/2019/january/carris-health-rice-memorial-hospital-dental-clin/,carris-health-rice-memorial-hospital-dental-clinic-to-provide-free-dental-care-to-children-in-need
/doctors/krystal-kennedy-dpt2/,krystal-kennedy-dpt
/doctors/joann-v-neubauer-do2/,joann-v-neubauer-do
/doctors/krystal-kennedy-dpt/,krystal-kennedy-dpt
/doctors/joann-v-neubauer-do/,joann-v-neubauer-do
/blog/2018/may/,may
/blog/2018/march/carris-health-welcomes-pediatrician-dr-julie-han/,carris-health-welcomes-pediatrician-dr-julie-hanson
/blog/2018/may/stingers-and-carris-health-rice-memorial-hospita/,stingers-and-carris-health-rice-memorial-hospital-announce-community-all-star-team-roster
/blog/categories/pediatrics/,pediatrics
/blog/2013/january/,january
/blog/2013/january/carris-health-rice-memorial-hospital-care-center/,carris-health-rice-memorial-hospital-care-center-earns-5-star-rating-from-medicare-medicaid
/doctors/kendra-kinzler-rrt/,kendra-kinzler-rrt
/blog/2013/february/,february
/blog/2013/february/carris-health-rice-memorial-hospital-care-center/,carris-health-rice-memorial-hospital-care-center-is-on-u-s-news-s-list-of-best-nursing-homes
/doctors/kimberly-kleven-ms-ccc-slp/,kimberly-kleven-ms-ccc-slp
/blog/2013/august/carris-health-rice-memorial-hospital-rated-among/,carris-health-rice-memorial-hospital-rated-among-the-best-minnesota-hospitals-for-surgical-safety
/blog/categories/surgery/,surgery
/blog/2014/july/,july
/blog/2014/july/cancer-survivor-makes-hats-for-chemo-patients/,cancer-survivor-makes-hats-for-chemo-patients
/doctors/sharon-kluempke-cde-rd-ld/,sharon-kluempke-cde-rd-ld
/blog/2014/august/carris-health-rice-memorial-hospital-receives-na/,carris-health-rice-memorial-hospital-receives-national-award-for-financial-improvement-initiatives
/blog/categories/news/,news
/doctors/randy-kobienia-ms-ces-rcep/,randy-kobienia-ms-ces-rcep
/blog/2014/december/carris-health-rice-memorial-hospital-nurses-win-/,carris-health-rice-memorial-hospital-nurses-win-major-award
/blog/2014/december/carris-health-rice-memorial-hospital-revenue-tea/,carris-health-rice-memorial-hospital-revenue-team-wins-two-national-awards
/doctors/david-a-newcomer-do/,david-a-newcomer-do
/doctors/yun-chau-bernice-lee-md/,yun-chau-bernice-lee-md
/blog/2015/may/,may
/blog/2015/may/carris-health-rice-memorial-hospital-nurses-hono/,carris-health-rice-memorial-hospital-nurses-honored-for-making-a-difference-in-patient-lives
/blog/2015/july/carris-health-rice-memorial-hospital-earns-strok/,carris-health-rice-memorial-hospital-earns-stroke-ready-designation
/doctors/michael-g-nicklawsky-md/,michael-g-nicklawsky-md
/doctors/scooter-lippert-licsw/,scooter-lippert-licsw
/blog/2015/december/volunteers-bring-music-to-carris-health-rice-mem/,volunteers-bring-music-to-carris-health-rice-memorial-hospital
/doctors/sheryl-r-norstedt-rn/,sheryl-r-norstedt-rn
/doctors/karyn-loos-atc-r-mot-atp/,karyn-loos-atc-r-mot-atp
/doctors/wendy-s-norsten-pta/,wendy-s-norsten-pta
/doctors/joseph-m-mayland-do/,joseph-m-mayland-do
/doctors/rachel-l-ohmann-pa-c/,rachel-l-ohmann-pa-c
/doctors/alan-g-olson-md/,alan-g-olson-md
/doctors/david-h-olson-md/,david-h-olson-md
/blog/2016/january/,january
/blog/2016/january/carris-health-rice-memorial-hospital-fights-viol/,carris-health-rice-memorial-hospital-fights-violence
/doctors/sarah-pattison-pa-c/,sarah-pattison-pa-c
/doctors/cindy-meyer-pta/,cindy-meyer-pta
/doctors/jennifer-a-pesola-do/,jennifer-a-pesola-do
/blog/2016/may/three-rice-nurses-honored-for-impact-they-have-o/,three-rice-nurses-honored-for-impact-they-have-on-patients
/doctors/jon-d-peterson-dpm/,jon-d-peterson-dpm
/doctors/rebekah-miesbauer-ma-mot-otr-l/,rebekah-miesbauer-ma-mot-otr-l
/blog/2016/july/kenneth-m-flowe-m-d-faaep-mba-recognized-by-the-/,kenneth-m-flowe-m-d-faaep-mba-recognized-by-the-american-association-of-physician-specialists
/doctors/timothy-m-peterson-md/,timothy-m-peterson-md
/doctors/debra-g-peterson-md/,debra-g-peterson-md
/doctors/kristi-k-phillips-psyd-lp/,kristi-k-phillips-psyd-lp
/blog/2016/july/rice-pharmacist-amanda-thompson-case-report-chos/,rice-pharmacist-amanda-thompson-case-report-chosen-for-publication-in-the-american-journal-of-health-system-pharmacy
/doctors/timothy-r-pieh-md/,timothy-r-pieh-md
/blog/2016/august/carris-health-rice-memorial-hospital-receives-4-/,carris-health-rice-memorial-hospital-receives-4-star-rating-from-cms
/doctors/kellie-a-prentice-cde-cnp-aprn/,kellie-a-prentice-cde-cnp-aprn
/doctors/katherine-f-reigstad-md/,katherine-f-reigstad-md
/blog/2016/november/,november
/blog/2016/november/carris-health-rice-hospice-delivering-veteran-ce/,carris-health-rice-hospice-delivering-veteran-centric-care-to-those-who-served-our-country
/blog/2016/december/rice-hospice-honored-for-veterans-program/,rice-hospice-honored-for-veterans-program
/blog/2017/february/carris-health-rice-memorial-hospital-receives-na/,carris-health-rice-memorial-hospital-receives-national-recognition-for-patient-financial-interaction
/doctors/pam-j-reinertson-mpt/,pam-j-reinertson-mpt
/blog/2017/march/,march
/blog/2017/march/carris-health-rice-hospice-s-top-fundraising-vol/,carris-health-rice-hospice-s-top-fundraising-volunteer-is-a-hard-act-to-follow
/doctors/chris-m-roisland-pa-c/,chris-m-roisland-pa-c
/blog/2017/march/peritoneal-dialysis-a-better-option-for-many-ckd/,peritoneal-dialysis-a-better-option-for-many-ckd-patients
/doctors/david-m-ross-md-mba/,david-m-ross-md-mba
/blog/2017/may/rice-nurses-honored-for-making-a-difference/,rice-nurses-honored-for-making-a-difference
/blog/2017/june/,june
/blog/2017/june/carris-health-rice-memorial-hospital-receives-hf/,carris-health-rice-memorial-hospital-receives-hfma-s-2017-map-certificate-of-recognition-in-revenue-cycle-achievement
/blog/2017/july/laboratory-receives-accreditation-from-college-o/,laboratory-receives-accreditation-from-college-of-american-pathologists
/doctors/nancy-j-rost-md/,nancy-j-rost-md
/blog/2017/september/,september
/blog/2017/september/rice-receives-new-mri-magnet-technology/,rice-receives-new-mri-magnet-technology
/doctors/jose-i-ruades-md/,jose-i-ruades-md
/blog/2017/october/,october
/blog/2017/october/willmar-ambulance-service-paramedic-jim-kroona-r/,willmar-ambulance-service-paramedic-jim-kroona-receives-toward-zero-deaths-star-award
/blog/2017/september/rice-regional-dental-clinic-hygienist-receives-m/,rice-regional-dental-clinic-hygienist-receives-mndha-member-of-the-year-award
/blog/2017/november/rice-oks-agreements-to-create-new-carris-health-/,rice-oks-agreements-to-create-new-carris-health-in-willmar
/blog/2017/november/state-health-officials-announce-carris-health-ri/,state-health-officials-announce-carris-health-rice-memorial-hospital-as-a-2017-antibiotic-stewardship-gold-level-honoree
/blog/2017/november/rice-hospice-s-therapy-dog-program-reaches-a-fet/,rice-hospice-s-therapy-dog-program-reaches-a-fetching-milestone
/blog/2017/december/rice-hospice-therapy-dog-program-reaches-furry-m/,rice-hospice-therapy-dog-program-reaches-furry-milestone
/blog/2017/december/carris-health-agreement-finalized/,carris-health-agreement-finalized
/blog/2017/december/rice-revenue-cycle-team-wins-national-award/,rice-revenue-cycle-team-wins-national-award
/blog/2018/march/launch-of-carris-health-goes-smoothly/,launch-of-carris-health-goes-smoothly
/blog/2018/april/educational-personal-safety-initiative-for-kids-/,educational-personal-safety-initiative-for-kids-returns-to-willmar
/blog/2018/april/rice-care-center-earns-5-star-rating-from-medica/,rice-care-center-earns-5-star-rating-from-medicare-medicaid
/blog/2018/june/carris-health-care-center-lands-on-the-2018-minn/,carris-health-care-center-lands-on-the-2018-minnesota-department-of-health-antibiotic-stewardship-honor-roll
/blog/2018/june/new-amputee-support-group-connects-and-supports-/,new-amputee-support-group-connects-and-supports-people-through-life-after-an-amputation
/blog/2018/june/carris-health-rice-memorial-hospital-dialysis-ea/,carris-health-rice-memorial-hospital-dialysis-earns-5-star-rating-from-medicare-medicaid
/blog/2018/august/golden-progress-rice-care-center-singled-out-for/,golden-progress-rice-care-center-singled-out-for-efforts-in-antibiotic-stewardship
/blog/2018/september/,september
/blog/2018/september/buckle-up-for-a-buck/,buckle-up-for-a-buck
/blog/2018/october/creation-of-carris-health-brings-new-life-to-wor/,creation-of-carris-health-brings-new-life-to-workforce-recruitment-around-willmar
/blog/2018/october/junell-peterson-recipient-of-the-2018-ascp-maste/,junell-peterson-recipient-of-the-2018-ascp-mastership-award
/blog/2017/october/the-block-s-rice-hospice-journey/,the-block-s-rice-hospice-journey
/doctors/leah-m-schammel-do/,leah-m-schammel-do
/doctors/jaclyn-a-schermer-rd-ld/,jaclyn-a-schermer-rd-ld
/doctors/jaime-l-schlomann-cde-rd-ld/,jaime-l-schlomann-cde-rd-ld
/doctors/jane-c-schmidt-rn-fnp-c/,jane-c-schmidt-rn-fnp-c
/doctors/catherine-miller-psyd/,catherine-miller-psyd
/doctors/roxanne-m-schmiesing-pa-c/,roxanne-m-schmiesing-pa-c
/doctors/melissa-mortensen-atc-mpt/,melissa-mortensen-atc-mpt
/doctors/daniel-w-schminke-md/,daniel-w-schminke-md
/doctors/keri-ohren-rt/,keri-ohren-rt
/doctors/julie-c-schultz-md/,julie-c-schultz-md
/doctors/paul-overshiner-mpt/,paul-overshiner-mpt
/doctors/tammy-quenemoen/,tammy-quenemoen
/doctors/miriam-van-opdorp-ragab-do-rd/,miriam-van-opdorp-ragab-do-rd
/doctors/scott-h-schultz-md-facog/,scott-h-schultz-md-facog
/doctors/nicholas-ray-do/,nicholas-ray-do
/doctors/richard-m-searl-md/,richard-m-searl-md
/doctors/krista-schlitter-dpt/,krista-schlitter-dpt
/doctors/jessica-schwendemann-dpt/,jessica-schwendemann-dpt
/doctors/daniel-c-scott-md/,daniel-c-scott-md
/doctors/john-w-seifert-do/,john-w-seifert-do
/doctors/steven-j-shelver-md/,steven-j-shelver-md
/doctors/amber-silva-exercise-physiologist/,amber-silva-exercise-physiologist
/doctors/sarah-tanner-otr-l-clt-lana-cht/,sarah-tanner-otr-l-clt-lana-cht
/doctors/stephanie-volk-mpt/,stephanie-volk-mpt
/doctors/eric-westberg-md/,eric-westberg-md
/blog/2016/december/carris-health-hospice-achieves-level-four-in-the/,carris-health-hospice-achieves-level-four-in-the-we-honor-vets-program
/doctors/angela-zwart-licsw-msw/,angela-zwart-licsw-msw
/blog/2016/november/the-pauling-family-s-rice-hospice-journey/,the-pauling-family-s-rice-hospice-journey
/blog/2015/november/,november
/blog/2015/november/the-carter-family-s-rice-hospice-journey/,the-carter-family-s-rice-hospice-journey
/blog/2015/april/,april
/blog/2015/april/rice-hospice-achieves-level-iii-in-the-we-honor-/,rice-hospice-achieves-level-iii-in-the-we-honor-vets-program
/patient-stories/time-saves-brain-when-treating-stroke/,time-saves-brain-when-treating-stroke
/blog/2014/april/,april
/blog/2014/april/rice-hospice-granite-falls-receives-national-awa/,rice-hospice-granite-falls-receives-national-award
/blog/2014/january/rice-hospice-volunteer-kathy-strom-receives-awar/,rice-hospice-volunteer-kathy-strom-receives-award
/blog/2017/may/rice-memorial-acmc-health-and-centracare-health-/,rice-memorial-acmc-health-and-centracare-health-in-talks-to-create-a-new-regional-health-system
/blog/2017/november/three-minnesota-health-care-organizations-agree-/,three-minnesota-health-care-organizations-agree-to-form-new-health-care-delivery-system-called-carris-health
/blog/2018/january/carris-health-welcomes-anesthesiologist-dr-jonat/,carris-health-welcomes-anesthesiologist-dr-jonathan-silva
/blog/2018/march/bernice-lee-md-joins-emergency-services-team-at-/,bernice-lee-md-joins-emergency-services-team-at-carris-health-rice-memorial-hospital
/patient-stories/taking-care-of-the-caregiver/,taking-care-of-the-caregiver
/blog/2018/march/carris-health-clinics-prepare-for-transition-to-/,carris-health-clinics-prepare-for-transition-to-unified-epic-software-platform
/blog/2018/march/family-nurse-practitioner-michelle-heiling-joins/,family-nurse-practitioner-michelle-heiling-joins-carris-health-clinic-redwood-falls
/blog/2018/april/redwood-area-hospital-takes-steps-towards-joinin/,redwood-area-hospital-takes-steps-towards-joining-regional-health-system-carris-health-with-plans-for-new-hospital-campus
/blog/2018/may/construction-complete-on-new-carris-health-surge/,construction-complete-on-new-carris-health-surgery-center
/blog/2018/june/carris-health-welcomes-new-dietitians-jaclyn-sch/,carris-health-welcomes-new-dietitians-jaclyn-schermer-and-anna-gessell
/blog/2018/july/eye-surgeon-and-ophthalmologist-dr-ina-drown-joi/,eye-surgeon-and-ophthalmologist-dr-ina-drown-joins-carris-health-eye-care-team
/blog/2018/july/robert-farber-md-joins-urology-team-at-carris-he/,robert-farber-md-joins-urology-team-at-carris-health-clinic-willmar
/blog/2018/august/hospitalist-dr-tabrez-ameer-joins-carris-health-/,hospitalist-dr-tabrez-ameer-joins-carris-health-rice-memorial-hospital
/blog/2018/august/nurse-practitioner-brittany-frank-joins-woc-team/,nurse-practitioner-brittany-frank-joins-woc-team-at-carris-health-rice-memorial-hospital
/blog/2018/august/psychiatrist-nicholas-ray-joins-carris-health-ho/,psychiatrist-nicholas-ray-joins-carris-health-hospital-in-willmar
/blog/2018/september/miriam-ragab-do-joins-emergency-services-team-at/,miriam-ragab-do-joins-emergency-services-team-at-carris-health-rice-memorial-hospital
/blog/2018/september/physician-assistant-sarah-pattison-joins-carris-/,physician-assistant-sarah-pattison-joins-carris-health-clinic-willmar
/blog/categories/weight-loss/,weight-loss
/blog/2011/,2011
/blog/2011/july/,july
/blog/2011/july/10-small-changes-to-help-lose-weight/,10-small-changes-to-help-lose-weight
/blog/2011/august/,august
/blog/2011/august/5-tips-to-help-you-sleep-better-tonight-/,5-tips-to-help-you-sleep-better-tonight-
/blog/2012/march/keeping-your-eyes-safe-while-at-work/,keeping-your-eyes-safe-while-at-work
/blog/2012/june/,june
/blog/2012/june/summer-foot-care/,summer-foot-care
/patient-stories/choosing-healthcare-close-to-home/,choosing-healthcare-close-to-home
/blog/2012/july/,july
/blog/2012/july/the-warning-signs-of-heat-exhaustion/,the-warning-signs-of-heat-exhaustion
/blog/2012/august/,august
/patient-stories/tim-nesburg-s-stroke-experience/,tim-nesburg-s-stroke-experience
/blog/2012/august/depression-you-dont-have-to-go-it-alone-/,depression-you-don-t-have-to-go-it-alone-
/doctors/jonathan-a-silva-md/,jonathan-a-silva-md
/blog/2012/october/tired-all-the-time-it-could-be-the-change-of-sea/,tired-all-the-time-it-could-be-the-change-of-seasons-
/patient-stories/a-life-saved/,a-life-saved
/blog/2012/november/,november
/blog/2012/november/hearing-loss-can-sneak-up-on-you/,hearing-loss-can-sneak-up-on-you
/doctors/john-p-skretvedt-md/,john-p-skretvedt-md
/blog/2012/december/,december
/blog/2012/december/stay-healthy-this-cold-and-flu-season/,stay-healthy-this-cold-and-flu-season
/blog/2012/december/winter-makeover-keeping-your-skin-healthy/,winter-makeover-keeping-your-skin-healthy
/doctors/jessica-l-slavik-atc-atr-ma/,jessica-l-slavik-atc-atr-ma
/blog/2013/january/tips-to-jump-start-your-new-years-resolution-wei/,tips-to-jump-start-your-new-years-resolution-weight-loss
/blog/2013/february/slips-trips-falls-and-heart-attacks-oh-my-snow-s/,slips-trips-falls-and-heart-attacks-oh-my-snow-shoveling-safety-tips
/doctors/nathaniel-j-slinkard-md/,nathaniel-j-slinkard-md
/blog/2013/february/what-is-patient-centered-medical-home-/,what-is-patient-centered-medical-home-
/blog/2013/march/,march
/blog/2013/march/seven-common-hearing-loss-myths/,seven-common-hearing-loss-myths
/patient-stories/teresas-story/,teresas-story
/doctors/tanya-l-smith-rn-cnp/,tanya-l-smith-rn-cnp
/patient-stories/janets-story/,janets-story
/doctors/douglas-m-soderberg-md/,douglas-m-soderberg-md
/blog/2013/april/,april
/blog/2013/april/running-101-tips-for-the-beginning-runner2/,running-101-tips-for-the-beginning-runner
/doctors/tod-w-speer-md/,tod-w-speer-md
/blog/2013/may/,may
/blog/2013/may/what-you-should-know-about-moles/,what-you-should-know-about-moles
/doctors/shelly-m-staska-md/,shelly-m-staska-md
/blog/2013/october/exercise-and-diabetes-motivation-to-get-fit/,exercise-and-diabetes-motivation-to-get-fit
/doctors/todd-r-stoeberl-aud/,todd-r-stoeberl-aud
/blog/2013/october/treating-skin-abrasions/,treating-skin-abrasions
/doctors/anita-m-strei-md/,anita-m-strei-md
/blog/2014/january/urgent-care-to-the-rescue-were-here-when-you-nee/,urgent-care-to-the-rescue-we-re-here-when-you-need-us
/doctors/miranda-c-swanson-atc-atr/,miranda-c-swanson-atc-atr
/doctors/kelly-taunton-cnp-aprn/,kelly-taunton-cnp-aprn
/doctors/josie-m-syverson-md/,josie-m-syverson-md
/doctors/laamy-n-tiadjeri-md/,laamy-n-tiadjeri-md
/doctors/charles-d-ulrich-md/,charles-d-ulrich-md
/doctors/kevin-w-unger-md/,kevin-w-unger-md
/doctors/jayme-l-van-beek-do/,jayme-l-van-beek-do
/doctors/amy-l-van-horne-cnp-aprn/,amy-l-van-horne-cnp-aprn
/blog/2014/march/can-cracking-my-knuckles-really-cause-arthritis-/,can-cracking-my-knuckles-really-cause-arthritis-
/doctors/shari-l-vanbriesen-rn-cnp-msn/,shari-l-vanbriesen-rn-cnp-msn
/blog/2014/april/six-tips-to-spring-clean-your-health/,six-tips-to-spring-clean-your-health
/blog/2014/may/the-family-sun-shielder-my-best-sun-safety-advic/,the-family-sun-shielder-my-best-sun-safety-advice
/blog/2014/july/easy-ways-to-treat-insect-stings-at-home/,easy-ways-to-treat-insect-stings-at-home
/blog/2014/july/too-much-sun-what-you-should-know-about-sun-pois/,too-much-sun-what-you-should-know-about-sun-poisoning-
/blog/2014/december/frostbite-first-aid-kit/,frostbite-first-aid-kit
/doctors/kurt-w-vanderbeek-pta/,kurt-w-vanderbeek-pta
/doctors/gabrielle-a-vencel-olson-md/,gabrielle-a-vencel-olson-md
/doctors/amber-o-vick-md/,amber-o-vick-md
/blog/2015/january/7-secrets-of-people-who-rarely-get-sick/,7-secrets-of-people-who-rarely-get-sick
/doctors/stephanie-l-vogel-fnp-c-aprn-ms/,stephanie-l-vogel-fnp-c-aprn-ms
/doctors/mary-e-l-vomacka-md/,mary-e-l-vomacka-md
/blog/2015/march/,march
/blog/2015/march/eight-questions-to-ask-your-doctor-before-gettin/,eight-questions-to-ask-your-doctor-before-getting-pregnant
/blog/2015/april/how-much-sleep-does-my-child-really-need-/,how-much-sleep-does-my-child-really-need-
/doctors/bruce-e-watland-od/,bruce-e-watland-od
/blog/2015/may/tips-for-keeping-your-eyes-healthy-this-summer/,tips-for-keeping-your-eyes-healthy-this-summer
/doctors/john-f-wechter-md/,john-f-wechter-md
/blog/2015/june/irritable-bowel-syndrome-your-embarrassing-quest/,irritable-bowel-syndrome-your-embarrassing-questions-answered
/blog/2015/june/when-should-you-get-your-mole-removed-/,when-should-you-get-your-mole-removed-
/doctors/richard-a-wehseler-md/,richard-a-wehseler-md
/blog/2015/september/,september
/blog/2015/september/tired-all-of-the-time-it-could-be-an-iron-defici/,tired-all-of-the-time-it-could-be-an-iron-deficiency-
/blog/2015/october/,october
/blog/2015/october/trick-or-treat-what-not-to-eat-/,trick-or-treat-what-not-to-eat-
/doctors/jessica-a-wentzell-od/,jessica-a-wentzell-od
/blog/2015/october/why-your-soda-pop-habit-could-be-destroying-your/,why-your-soda-pop-habit-could-be-destroying-your-bones
/blog/2015/november/should-i-get-a-flu-shot-while-im-pregnant-/,should-i-get-a-flu-shot-while-i-m-pregnant-
/doctors/rachel-a-wilcox-rn-cnp/,rachel-a-wilcox-rn-cnp
/blog/2016/january/caring-for-yourself-when-someone-has-the-flu/,caring-for-yourself-when-someone-has-the-flu
/doctors/julianne-a-wurm-pt/,julianne-a-wurm-pt
/doctors/diane-d-zorn-psyd-lp/,diane-d-zorn-psyd-lp
/blog/2016/march/,march
/blog/2016/march/the-important-role-of-athletic-trainers/,the-important-role-of-athletic-trainers
/blog/2016/april/,april
/blog/2016/april/5-tips-for-selecting-the-perfect-sunglasses/,5-tips-for-selecting-the-perfect-sunglasses
/blog/2016/may/tips-for-runners-to-stay-healthy/,tips-for-runners-to-stay-healthy
/blog/2016/may/snack-attack-be-prepared-ahead-of-time-/,snack-attack-be-prepared-ahead-of-time-
/blog/2016/june/,june
/blog/2016/june/men-its-time-to-get-serious-about-your-weight-/,men-its-time-to-get-serious-about-your-weight-
/blog/2016/august/is-a-well-child-exam-on-your-back-to-school-list/,is-a-well-child-exam-on-your-back-to-school-list-
/blog/2016/august/preparing-for-fall-allergies-before-they-attack/,preparing-for-fall-allergies-before-they-attack
/blog/2016/september/how-to-age-proof-your-brain/,how-to-age-proof-your-brain
/blog/2016/september/the-truth-about-concussions/,the-truth-about-concussions
/blog/2016/october/,october
/blog/2016/october/fight-the-flu/,fight-the-flu
/blog/2016/october/why-hpv-is-really-a-big-deal/,why-hpv-is-really-a-big-deal
/blog/2016/november/-does-it-run-in-my-family-/,-does-it-run-in-my-family-
/blog/2016/november/holiday-hacks-how-to-avoid-packing-on-pounds/,holiday-hacks-how-to-avoid-packing-on-pounds
/blog/2016/december/how-to-avoid-holiday-germs/,how-to-avoid-holiday-germs
/blog/2016/december/stuck-inside-why-adults-should-avoid-excess-scre/,stuck-inside-why-adults-should-avoid-excess-screen-time
/blog/2018/april/carris-health-welcomes-physical-therapist-tory-b/,carris-health-welcomes-physical-therapist-tory-brouwer-to-willmar
/blog/2018/january/acmc-willmar-welcomes-nurse-practitioner-stephan/,acmc-willmar-welcomes-nurse-practitioner-stephanie-vogel
/blog/2018/january/acmc-psychologist-dr-kristi-phillips-named-to-am/,acmc-psychologist-dr-kristi-phillips-named-to-american-psychological-association-committee-on-rural-health
/blog/2011/november/,november
/blog/2011/november/what-are-shingles-/,what-are-shingles-
/blog/2017/august/,august
/blog/2017/august/dr-harley-pakola-on-his-30-year-career-as-an-ane/,dr-harley-pakola-on-his-30-year-career-as-an-anesthesiologist-with-the-willmar-surgery-center
/blog/categories/medical-professionals/,medical-professionals
/blog/2016/january/dr-ronald-holmgren-building-a-legacy-of-leadersh/,dr-ronald-holmgren-building-a-legacy-of-leadership-at-acmc
/blog/2012/may/,may
/blog/2012/may/what-does-it-mean-when-my-child-has-a-fever-/,what-does-it-mean-when-my-child-has-a-fever-
/blog/2011/may/,may
/blog/2011/may/acmc-achieves-mgma-superior-rating/,acmc-achieves-mgma-superior-rating
/blog/2016/january/a-homecoming-for-acmc-litchfield-s-dr-cassandra-/,a-homecoming-for-acmc-litchfield-s-dr-cassandra-bulau
/blog/2013/may/acmc-medical-student-takes-a-walk-down-the-aisle/,acmc-medical-student-takes-a-walk-down-the-aisle-planning-a-wedding-while-going-to-medical-school
/blog/2015/november/acmc-family-medicine-physician-dr-emily-hayden-o/,acmc-family-medicine-physician-dr-emily-hayden-on-thanksgiving-traditions
/blog/2015/october/acmc-redwood-falls-dr-joshua-friese-for-the-love/,acmc-redwood-falls-dr-joshua-friese-for-the-love-of-honey
/blog/2014/october/,october
/blog/2014/october/two-acmc-physicians-honored-with-rpap-preceptor-/,two-acmc-physicians-honored-with-rpap-preceptor-award
/blog/2014/january/a-decade-of-helping-transform-lives-through-weig/,a-decade-of-helping-transform-lives-through-weight-loss
/blog/2011/november/aerobic-exercise-vs-weight-training/,aerobic-exercise-vs-weight-training
/blog/2014/july/after-16-years-my-internal-medicine-practice-at-/,after-16-years-my-internal-medicine-practice-at-acmc-willmar-is-still-where-i-belong
/blog/2012/december/a-medical-student-s-privilege-to-serve-patients/,a-medical-student-s-privilege-to-serve-patients
/blog/2017/march/jim-andresen-shares-his-memories-from-29-years-a/,jim-andresen-shares-his-memories-from-29-years-as-a-physical-therapist-with-acmc
/blog/2016/march/artificial-sweeteners-the-good-the-bad-wait-are-/,artificial-sweeteners-the-good-the-bad-wait-are-they-really-that-bad-for-you-
/blog/2013/may/asthma-and-athletics-no-reason-not-to-compete/,asthma-and-athletics-no-reason-not-to-compete
/blog/2012/july/a-typical-on-call-weekend-in-minnesota-lake-coun/,a-typical-on-call-weekend-in-minnesota-lake-country
/blog/2018/march/best-foot-forward-dr-mark-johnston-on-practicing/,best-foot-forward-dr-mark-johnston-on-practicing-podiatry
/blog/2016/december/beyond-the-track-kendra-mooberry-s-transition-fr/,beyond-the-track-kendra-mooberry-s-transition-from-athlete-to-physical-therapist
/blog/2016/june/breaking-barriers-medical-student-brings-fitness/,breaking-barriers-medical-student-brings-fitness-to-somali-women
/blog/2011/october/,october
/blog/2011/october/breast-cancer-risk-and-screening-guidelines/,breast-cancer-risk-and-screening-guidelines
/blog/2016/march/bringing-prediabetes-care-to-willmar/,bringing-prediabetes-care-to-willmar
/blog/2014/november/,november
/blog/2014/november/childhood-experiences-led-acmc-physician-dr-jenn/,childhood-experiences-led-acmc-physician-dr-jennifer-pesola-to-ent
/blog/2013/february/did-you-know-that-texting-can-injure-you-/,did-you-know-that-texting-can-injure-you-
/blog/2012/january/i-care-for-the-community-that-cares-for-me-/,i-care-for-the-community-that-cares-for-me-
/blog/2014/november/family-medicine-physician-dr-daniel-fuglestad-on/,family-medicine-physician-dr-daniel-fuglestad-on-his-medical-missions
/blog/2016/july/family-medicine-physician-dr-dave-danielson-why-/,family-medicine-physician-dr-dave-danielson-why-he-loves-the-redwood-falls-community-he-cares-for
/blog/2016/march/dr-david-newcomer-looks-back-on-his-time-as-acmc/,dr-david-newcomer-looks-back-on-his-time-as-acmc-s-chief-medical-officer
/blog/2014/october/a-change-of-pace-dr-dexter-casta-s-internal-medi/,a-change-of-pace-dr-dexter-casta-s-internal-medicine-practice-in-litchfield
/blog/2015/january/dr-jayme-van-beek-dmu-medical-student-to-acmc-fa/,dr-jayme-van-beek-dmu-medical-student-to-acmc-family-medicine-physician
/blog/2013/july/,july
/blog/2013/july/dr-joshua-friese-back-to-his-roots-rural-lifesty/,dr-joshua-friese-back-to-his-roots-rural-lifestyle-in-redwood-falls
/blog/2014/march/dr-richard-wehseler-and-gina-hatlestad-lpn-worki/,dr-richard-wehseler-and-gina-hatlestad-lpn-working-side-by-side-in-new-london-spicer-for-16-years
/blog/2015/january/dr-robert-kaiser-on-30-years-as-a-family-medicin/,dr-robert-kaiser-on-30-years-as-a-family-medicine-physician-at-acmc-willmar
/blog/2012/june/ear-infections/,ear-infections
/blog/2015/september/easy-ways-to-eat-more-fruits-and-veggies/,easy-ways-to-eat-more-fruits-and-veggies
/blog/2014/september/,september
/blog/2014/september/family-man-and-hospitalist-dr-michael-may/,family-man-and-hospitalist-dr-michael-may
/blog/2017/march/finding-his-fit-dr-nathanial-slinkard-on-buildin/,finding-his-fit-dr-nathanial-slinkard-on-building-an-orthopedic-practice-in-willmar
/blog/2014/june/,june
/blog/2014/june/from-father-to-son-woodcarving-more-than-just-a-/,from-father-to-son-woodcarving-more-than-just-a-hobby-for-acmc-s-terry-tone
/blog/2016/september/from-teacher-to-physician-assistant-roxanne-schm/,from-teacher-to-physician-assistant-roxanne-schmiesing-s-journey-to-acmc
/blog/2016/november/from-the-west-coast-to-willmar-dr-katie-reigstad/,from-the-west-coast-to-willmar-dr-katie-reigstad-s-road-back-home
/blog/2016/may/from-west-africa-to-western-minnesota-acmc-attra/,from-west-africa-to-western-minnesota-acmc-attracts-global-talent
/blog/2012/february/,february
/blog/2012/february/shape-up-your-body-/,shape-up-your-body-
/blog/2017/june/grateful-heart-alida-rampaart-reflects-on-her-ti/,grateful-heart-alida-rampaart-reflects-on-her-time-at-acmc
/blog/2014/april/habla-espanol-third-year-medical-student-matt-ca/,habla-espanol-third-year-medical-student-matt-cabrera-svendsen-does-
/blog/2011/may/hdl-ldl-vldl-triglycerides-what-s-it-all-mean-/,hdl-ldl-vldl-triglycerides-what-s-it-all-mean-
/blog/2014/october/helping-your-child-navigate-cyberbullying/,helping-your-child-navigate-cyberbullying
/blog/2016/october/horses-as-healers-dr-mary-vomacka-on-her-passion/,horses-as-healers-dr-mary-vomacka-on-her-passion-for-psychiatry
/blog/2014/may/hospitalist-dr-anjali-dahiya-brings-a-taste-of-i/,hospitalist-dr-anjali-dahiya-brings-a-taste-of-india-to-willmar
/blog/2017/december/how-mission-work-strengthened-my-practice-dr-ung/,how-mission-work-strengthened-my-practice-dr-unger-s-reflection-on-his-mission-trips-to-haiti
/blog/2014/september/how-to-recognize-and-respond-to-suicide-warning-/,how-to-recognize-and-respond-to-suicide-warning-signs
/blog/2011/july/hyper-what-why-does-my-doc-keep-hounding-me-abou/,hyper-what-why-does-my-doc-keep-hounding-me-about-my-blood-pressure-
/blog/2015/february/,february
/blog/2015/february/influenza-fevers-flu-and-cold-when-to-take-your-/,influenza-fevers-flu-and-cold-when-to-take-your-child-to-the-doctor
/blog/2012/january/insulin-the-fuel-line-for-your-body/,insulin-the-fuel-line-for-your-body
/blog/2011/may/satisfaction-in-small-town-living/,satisfaction-in-small-town-living
/blog/2012/october/is-my-child-too-sick-for-school-/,is-my-child-too-sick-for-school-
/blog/2012/december/it-s-december-is-it-too-late-for-a-flu-shot-/,it-s-december-is-it-too-late-for-a-flu-shot-
/blog/2013/june/juggling-medical-school-and-a-family-illness/,juggling-medical-school-and-a-family-illness
/blog/2015/july/nurse-practitioner-julie-kircher-on-providing-pr/,nurse-practitioner-julie-kircher-on-providing-prenatal-care-to-redwood-falls-and-beyond
/blog/2011/november/living-with-diabetes/,living-with-diabetes
/blog/2011/october/mammograms-breast-ultrasounds-and-mri-s-what-s-i/,mammograms-breast-ultrasounds-and-mri-s-what-s-it-all-mean-
/blog/2015/december/medical-missions-you-can-t-do-everything-but-you/,medical-missions-you-can-t-do-everything-but-you-can-still-help
/blog/2015/april/medical-student-alex-hartley-s-road-to-psychiatr/,medical-student-alex-hartley-s-road-to-psychiatry
/blog/2015/april/medical-student-libby-feist-practicing-medicine-/,medical-student-libby-feist-practicing-medicine-and-spanish-during-rpap-experience
/blog/2013/august/meet-dr-ryan-davis-acmc-willmar-family-medicine/,meet-dr-ryan-davis-acmc-willmar-family-medicine
/blog/2012/april/,april
/blog/2012/april/melanoma-an-increasing-epidemic-in-young-adults/,melanoma-an-increasing-epidemic-in-young-adults
/blog/2012/july/mosquitoes-bites-and-west-nile-virus/,mosquitoes-bites-and-west-nile-virus
/blog/2012/march/my-life-exploration-led-me-to-medical-school/,my-life-exploration-led-me-to-medical-school
/blog/2018/november/,november
/blog/2018/november/nurse-practitioner-tanya-smith-finding-her-work-/,nurse-practitioner-tanya-smith-finding-her-work-life-balance
/blog/2017/july/gunjan-shah-on-her-time-as-an-ambulatory-pharmac/,gunjan-shah-on-her-time-as-an-ambulatory-pharmacy-resident-in-willmar
/blog/2016/march/acmc-s-orthopedic-surgeon-dr-john-wechter-for-th/,carris-healths-orthopedic-surgeon-dr-john-wechter-for-the-love-of-wrestling
/blog/2015/january/the-important-role-of-pathology-at-willmar-regio/,the-important-role-of-pathology-at-willmar-regional-cancer-center
/blog/2017/january/pharmacy-residency-brought-to-acmc/,pharmacy-residency-brought-to-acmc
/blog/2018/august/player-coach-therapist-ryan-hebrink-on-his-passi/,player-coach-therapist-ryan-hebrink-on-his-passion-for-athletics
/blog/2015/july/preventing-drowning-incidents-in-childhood-and-t/,preventing-drowning-incidents-in-childhood-and-teen-years
/blog/2012/april/help-prevent-spring-sports-injuries/,help-prevent-spring-sports-injuries
/blog/2011/june/,june
/blog/2011/june/surgical-mission-in-haiti-a-memorable-experience/,surgical-mission-in-haiti-a-memorable-experience
/blog/2012/july/what-is-swimmers-ear-/,what-is-swimmers-ear-
/blog/2012/june/taking-temperatures-and-treating-fevers-with-med/,taking-temperatures-and-treating-fevers-with-medication
/blog/2014/january/the-future-doctor-ashley-davenport-a-hockey-star/,the-future-doctor-ashley-davenport-a-hockey-star-s-biggest-goal
/blog/2014/july/the-grill-master-s-food-safety-guide/,the-grill-master-s-food-safety-guide
/blog/2012/november/the-p-word-is-puberty-starting-earlier-/,the-p-word-is-puberty-starting-earlier-
/blog/2018/june/the-science-behind-sleep-neurologist-dr-eric-her/,the-science-behind-sleep-neurologist-dr-eric-hernandez-on-his-passion-for-sleep-medicine
/blog/2016/january/third-year-medical-student-gavin-maurer-experien/,third-year-medical-student-gavin-maurer-experiences-life-as-a-small-town-physician
/blog/categories/medical-students/,medical-students
/blog/2014/april/third-year-medical-student-melissa-pavek-hiking-/,third-year-medical-student-melissa-pavek-hiking-adventures-through-minnesota-state-parks
/blog/2014/july/ticks-ticks-go-away-protecting-yourself-from-lym/,ticks-ticks-go-away-protecting-yourself-from-lyme-disease
/blog/2016/april/traveling-medicine-and-third-year-medical-studen/,traveling-medicine-and-third-year-medical-student-molly-manthe
/services/birthing-services/carris-health-redwood-hospital-birthing-services/,carris-health-redwood-hospital-birthing-services
/services/birthing-services/carris-health-rice-memorial-hospital-birthing-services/,carris-health-rice-memorial-hospital-birthing-services
/blog/2017/november/vanishing-veins-dr-katie-reigstad-on-providing-a/,vanishing-veins-dr-katie-reigstad-on-providing-a-surgical-solution-for-varicose-veins
/blog/2012/july/water-related-illnesses-and-safe-swimming-practi/,water-related-illnesses-and-safe-swimming-practices
/blog/2016/february/,february
/blog/2016/february/welcoming-dr-cindy-firkins-smith-as-acmc-preside/,welcoming-dr-cindy-firkins-smith-as-acmc-president-and-ceo
/blog/2011/june/why-does-my-child-keep-getting-ear-infections-/,why-does-my-child-keep-getting-ear-infections-
/blog/2013/september/,september
/blog/2013/september/why-is-there-a-medical-student-in-my-exam-room-/,why-is-there-a-medical-student-in-my-exam-room-
/blog/2017/january/willmar-medical-students-continue-efforts-to-add/,willmar-medical-students-continue-efforts-to-address-community-health-needs
/blog/2012/january/winter-skin-care-tips/,winter-skin-care-tips
/blog/2019/february/congratulations-major-malecek-/,congratulations-major-malecek-
/blog/2017/october/music-and-medicine-how-medical-student-noah-kelm/,music-and-medicine-how-medical-student-noah-kelm-went-from-singer-to-surgeon
/blog/2016/february/photography-global-health-come-together-for-medi/,photography-global-health-come-together-for-medical-student-robin-sautter
/blog/2012/june/rural-medicine-experience-helping-me-develop-my-/,rural-medicine-experience-helping-me-develop-my-style
/blog/2011/november/rpap-the-cornerstone-of-my-medical-training/,rpap-the-cornerstone-of-my-medical-training
/blog/2018/january/putting-patients-first-dr-cindy-firkins-smith-on/,putting-patients-first-dr-cindy-firkins-smith-on-the-importance-of-rural-health-care
/blog/2016/may/drs-michael-and-noelle-lee-love-thy-neighborhood/,drs-michael-and-noelle-lee-love-thy-neighborhood
/blog/2015/may/shannon-elton-crossing-the-boston-marathon-off-h/,shannon-elton-crossing-the-boston-marathon-off-her-bucket-list
/blog/2014/september/radiation-oncologist-dr-tod-speer-getting-back-t/,radiation-oncologist-dr-tod-speer-getting-back-to-patient-care-at-the-willmar-regional-cancer-center
/blog/2014/april/dr-charles-ulrich-on-bringing-his-gasteroenterol/,dr-charles-ulrich-on-bringing-his-gasteroenterology-practice-back-to-his-hometown-of-willmar
/blog/2011/december/,december
/blog/2011/december/acmc-offers-flexibility-for-my-medical-career-an/,acmc-offers-flexibility-for-my-medical-career-and-family
/blog/2012/march/setting-goals-for-the-new-year/,setting-goals-for-the-new-year
/blog/2015/july/recognizing-heat-illness-and-dehydration-in-chil/,recognizing-heat-illness-and-dehydration-in-children
/blog/2015/may/be-stroke-savvy-recognizing-the-signs-of-stroke/,be-stroke-savvy-recognizing-the-signs-of-stroke
/blog/2015/april/recognizing-early-warning-signs-of-autism/,recognizing-early-warning-signs-of-autism
/services/hospice/carris-health-rice-hospice/,carris-health-rice-hospice
/services/hospice/carris-health-redwood-hospice/,carris-health-redwood-hospice
/blog/2014/july/why-your-athlete-should-have-a-complete-sports-p/,why-your-athlete-should-have-a-complete-sports-physical
/blog/2012/january/it-s-a-virus-so-what-can-you-do-/,it-s-a-virus-so-what-can-you-do-
/blog/2011/november/protecting-your-baby-from-sudden-infant-death-sy/,protecting-your-baby-from-sudden-infant-death-syndrome-sids-
/services/hospice/sentimental-journey-program/,sentimental-journey-program
/blog/2014/august/chicken-or-steak-fajitas/,chicken-or-steak-fajitas
/services/cancer-care/alternative-therapies/,alternative-therapies
/services/cancer-care/cancer-research-clinical-trials/,cancer-research-clinical-trials
/services/cancer-care/cancer-services/,cancer-services
/services/cancer-care/cancer-support/,cancer-support
/services/cancer-care/cancer-team/,cancer-team
/blog/2015/may/angelic-eggs-healthy-deviled-eggs-/,angelic-eggs-healthy-deviled-eggs-
/blog/2015/may/mango-and-tomato-salsa/,mango-and-tomato-salsa
/blog/2015/september/fish-tacos/,fish-tacos
/blog/2015/november/lean-chili/,lean-chili
/blog/2015/december/potato-casserole/,potato-casserole
/blog/2016/january/bbq-chicken-pizza/,bbq-chicken-pizza
/blog/2016/april/brunch-parfaits/,brunch-parfaits
/blog/2016/may/1-2-3-peach-cobbler/,1-2-3-peach-cobbler
/blog/2016/august/turkey-reuben-sandwiches/,turkey-reuben-sandwiches
/blog/2017/september/egg-muffin-cup/,egg-muffin-cup
/blog/2017/september/shrimp-jambalaya/,shrimp-jambalaya
/patient-stories/when-your-young-child-has-acne/,when-your-young-child-has-acne
/patient-stories/local-cancer-survivor-competing-in-140-6-mile-tr/,local-cancer-survivor-competing-in-140-6-mile-triathlon
/patient-stories/therapy-helps-unlock-a-better-life-for-those-who/,therapy-helps-unlock-a-better-life-for-those-who-have-parkinson
/patient-stories/-when-the-treatments-are-over-it-s-not-over-nurs/,-when-the-treatments-are-over-it-s-not-over-nurse-says
/patient-stories/cancer-rehab-program-makes-a-difference-for-brea/,cancer-rehab-program-makes-a-difference-for-breast-cancer
/patient-resources/insurance-billing/bill-pay/carris-health-redwood-hospital-patient-portals/,carris-health-redwood-hospital-patient-portals
/patient-stories/from-the-classroom-to-real-life-career-event/,from-the-classroom-to-real-life-career-event
/patient-stories/breathing-easier-rehab-program-helps-people-live/,breathing-easier-rehab-program-helps-people-live-better
/patient-stories/three-generations-of-compassion/,three-generations-of-compassion
/blog/categories/allergy-asthma/,allergy-asthma
/blog/categories/anesthesiology/,anesthesiology
/blog/categories/audiology/,audiology
/blog/categories/bariatrics-weight-control/,bariatrics-weight-control
/blog/categories/diabetes-care/,diabetes-care
/blog/categories/gastroenterology/,gastroenterology
/blog/categories/hospitalist/,hospitalist
/blog/categories/internal-medicine/,internal-medicine
/blog/categories/obstetrics-gynecology/,obstetrics-gynecology
/blog/categories/occupational-hand-therapy/,occupational-hand-therapy
/blog/categories/occupational-medicine/,occupational-medicine
/blog/categories/optometry/,optometry
/blog/categories/otolaryngology-ent-/,otolaryngology-ent-
/blog/categories/pain-medicine/,pain-medicine
/blog/categories/podiatry/,podiatry
/blog/categories/psychology/,psychology
/blog/categories/sleep-medicine/,sleep-medicine
/blog/categories/urgent-care/,urgent-care
/blog/categories/vascular-surgery/,vascular-surgery
/blog/2019/february/tips-for-protecting-your-eyes-in-the-winter/,tips-for-protecting-your-eyes-in-the-winter
/blog/2019/january/catching-glaucoma-early-before-vision-loss-occur/,catching-glaucoma-early-before-vision-loss-occurs
/blog/2012/september/,september
/blog/2012/september/tips-for-relieving-back-pain/,tips-for-relieving-back-pain
/blog/2018/october/flu-vaccine-myth-busters/,flu-vaccine-myth-busters
/blog/2018/december/,december
/blog/2018/december/establishing-a-winter-exercise-plan/,establishing-a-winter-exercise-plan
/blog/2012/august/are-your-co-workers-making-you-fat-/,are-your-co-workers-making-you-fat-
/blog/categories/family-medicine/,family-medicine
/blog/categories/imaging/,imaging
/blog/categories/psychiatry/,psychiatry
/classes-events/email-templates/,email-templates
/classes-events/email-templates/event-signup-hospital/,event-signup-hospital
/classes-events/email-templates/event-signup-participant/,event-signup-participant
/services/nursing-home/care-center-therapy-suites/,care-center-therapy-suites
/services/hospice/carris-health-rice-hospice/hospice-office-locations/,hospice-office-locations
/services/hospice/carris-health-redwood-hospice/carris-health-redwood-seasons-house/,carris-health-redwood-seasons-house
/find-a-location/,find-a-location
/services/rice-home-medical/,rice-home-medical
/foundation/rice-health-foundation/,rice-health-foundation
/site-search/all-content/,all-content
/services/hospice/carris-health-rice-hospice/donate-to-carris-health-rice-hospice/,donate-to-carris-health-rice-hospice
/services/laboratory/carris-health-rice-hospital-direct-lab/,carris-health-rice-hospital-direct-lab
/services/sleep-medicine/carris-health-sleep-center/,carris-health-sleep-center
/services/surgery/hand-surgery/,hand-surgery
/services/surgery/plastic-surgery/,plastic-surgery
/services/surgery/vascular-surgery/,vascular-surgery
/services/surgery/orthopedic-surgery/,orthopedic-surgery
/footer/patient-portals/,patient-portals
/services/emergency-services/carris-health-rice-hospital-emergency-services/,carris-health-rice-hospital-emergency-services
/services/emergency-services/carris-health-redwood-hospital-emergency-serivce/,carris-health-redwood-hospital-emergency-serivces
/services/emergency-services/carris-health-rice-hospital-emergency-services/ambulance-services/,ambulance-services
/patient-stories/tyler-s-physical-therapy-story/,tyler-s-physical-therapy-story
/patient-stories/morgan-s-physical-therapy-story/,morgan-s-physical-therapy-story
/patient-stories/karla-s-physical-therapy-story/,karla-s-physical-therapy-story
/patient-stories/levern-s-physical-therapy-story/,levern-s-physical-therapy-story
/patient-stories/jeans-physical-therapy-story/,jeans-physical-therapy-story
/patient-stories/sonja-s-physical-therapy-story/,sonja-s-physical-therapy-story
/patient-stories/donnas-physical-therapy-story/,donnas-physical-therapy-story
/patient-stories/allie-s-physical-therapy-story/,allie-s-physical-therapy-story
/patient-stories/elizabeth-s-physical-therapy-story/,elizabeth-s-physical-therapy-story
/services/test/,test
/locations/carris-health-redwood-hospital/myhealth-patient-portal/,myhealth-patient-portal
/test/,test
